1575414000376, 0.8736125807679876
1575414000376, 1.0393512446450073
1575414000376, 1.3614347190508505
1575414000376, 1.233323687820126
1575414000376, 1.011439212503145
1575414000376, 1.0164217468311498
1575414000376, 0.641505389353188
1575414000376, 0.7116503144228017
1575414000376, 0.6482370678444407
1575414000376, 0.6163981014050074
1575414000376, 0.5277523332813282
1575414000376, 0.503439312351806
1575414000376, 0.31481769261168063
1575414000376, 0.05581112302818808
1575414000376, -0.005805625807357634
1575414000376, -0.13120147185783057
1575414000376, -0.24956592980912545
1575414000376, -0.208686835734065
1575414000376, -0.15377216217493284
1575414000376, -0.1438386627752025
1575414050376, 0.8697569228483913
1575414050376, 1.0185763494221276
1575414050376, 1.3588775092725465
1575414050376, 1.240676863595386
1575414050376, 0.9829900440729191
1575414050376, 1.0211098499685183
1575414050376, 0.6354541029733768
1575414050376, 0.7062784579833955
1575414050376, 0.6912966438765333
1575414050376, 0.6623976280353928
1575414050376, 0.6117518271996827
1575414050376, 0.600760334801356
1575414050376, 0.4230019912456872
1575414050376, 0.1349166735631451
1575414050376, 0.03289199203845808
1575414050376, -0.09810631786429556
1575414050376, -0.2736287180109582
1575414050376, -0.26000603585358356
1575414050376, -0.1511382555127726
1575414050376, -0.174089141640953
1575414100376, 0.837333229209147
1575414100376, 0.9483647067818936
1575414100376, 1.2941884455659562
1575414100376, 1.1681639597917468
1575414100376, 0.8928076357826076
1575414100376, 0.9472387039197797
1575414100376, 0.5740266811733131
1575414100376, 0.6585622551993235
1575414100376, 0.6708900314924667
1575414100376, 0.6420535435389548
1575414100376, 0.6092210929235515
1575414100376, 0.5909098712083113
1575414100376, 0.4350677398238923
1575414100376, 0.1345845037609407
1575414100376, 0.017646533402831677
1575414100376, -0.07991431703253898
1575414100376, -0.28681546330290897
1575414100376, -0.2851532804730695
1575414100376, -0.11797546608465934
1575414100376, -0.16963181658023282
1575414150376, 0.7670137874412448
1575414150376, 0.8048039471824789
1575414150376, 1.076090416222949
1575414150376, 0.9442614442851422
1575414150376, 0.6619551442870679
1575414150376, 0.6674893204476944
1575414150376, 0.3650421021930479
1575414150376, 0.4880968877983246
1575414150376, 0.49689577293828957
1575414150376, 0.5002713129551841
1575414150376, 0.461876753539149
1575414150376, 0.4119822957902289
1575414150376, 0.30804906542057975
1575414150376, 0.009031461657234563
1575414150376, -0.08486899474264623
1575414150376, -0.09027421713946898
1575414150376, -0.3162635588784251
1575414150376, -0.28400928650696744
1575414150376, -0.03971506756621129
1575414150376, -0.1282930690908548
1575414200376, 0.773243573485458
1575414200376, 0.8691595037417083
1575414200376, 0.7675529103672876
1575414200376, 0.7036270565149813
1575414200376, 0.3865226347808722
1575414200376, 0.18727025168278302
1575414200376, -0.017859205084569393
1575414200376, 0.08243831381840366
1575414200376, 0.12256441632357547
1575414200376, 0.2368604614558013
1575414200376, 0.1467642095401881
1575414200376, 0.18962145313604659
1575414200376, 0.06362864471689157
1575414200376, -0.13693649653747084
1575414200376, -0.12736244164484486
1575414200376, -0.1562818855375832
1575414200376, -0.26540822657187113
1575414200376, -0.10220184439291469
1575414200376, 0.02814933876512914
1575414200376, -0.022174471484616317
1575414250376, 0.8567938096481502
1575414250376, 1.0825215050193646
1575414250376, 1.0310468082786588
1575414250376, 1.0328610520345762
1575414250376, 0.49176850879027423
1575414250376, 0.1240893683531773
1575414250376, -0.30105790493484513
1575414250376, -0.3340923096385678
1575414250376, -0.4708243019425083
1575414250376, -0.24661672287864111
1575414250376, -0.2669918208170951
1575414250376, 0.05127611648696806
1575414250376, 0.0802575743138232
1575414250376, 0.04661042787844264
1575414250376, 0.16711873086420925
1575414250376, 0.10671584594412901
1575414250376, 0.013113097611142453
1575414250376, 0.1327575799760804
1575414250376, 0.13726736355660832
1575414250376, 0.03617755461455985
1575414300376, 0.7358986360828029
1575414300376, 1.0327306990813352
1575414300376, 0.942061393256313
1575414300376, 0.986555028982813
1575414300376, 0.3713933414753687
1575414300376, 0.16841739119313828
1575414300376, -0.16349356444293267
1575414300376, -0.04844638056827794
1575414300376, -0.24755777472278967
1575414300376, 0.10437957863134785
1575414300376, -0.08993648885410288
1575414300376, 0.23656486479623798
1575414300376, 0.06650568216495312
1575414300376, 0.010161479629819177
1575414300376, 0.0368392326365657
1575414300376, -0.01924230833392314
1575414300376, -0.052627116343639646
1575414300376, 0.09383781956273203
1575414300376, 0.059680084286715875
1575414300376, 0.08031895864594259
1575414350376, 0.6867950426657016
1575414350376, 1.0126320932496533
1575414350376, 0.8816445304323812
1575414350376, 0.8554682463053951
1575414350376, 0.33972704781007745
1575414350376, 0.25527575532267216
1575414350376, -0.013410992042295514
1575414350376, 0.15809451917885237
1575414350376, 0.11807626771054208
1575414350376, 0.3603220227956502
1575414350376, 0.14197522747639088
1575414350376, 0.3853329178517437
1575414350376, 0.17594552086860885
1575414350376, 0.048437901446323275
1575414350376, 0.05887546669784137
1575414350376, -0.05215576402498371
1575414350376, -0.07331424411865513
1575414350376, 0.0706557393593869
1575414350376, -0.019813701886651533
1575414350376, 0.06953236713583469
1575414400376, 0.5741639938280738
1575414400376, 1.0171613002131052
1575414400376, 0.9398677050342303
1575414400376, 0.9110573635816515
1575414400376, 0.5296580277753127
1575414400376, 0.5240268317094883
1575414400376, 0.21845666224347593
1575414400376, 0.3653876700265299
1575414400376, 0.30969878573264803
1575414400376, 0.42872362317399315
1575414400376, 0.2385956173036212
1575414400376, 0.4653031161360007
1575414400376, 0.18332151683513956
1575414400376, 0.07368405119816157
1575414400376, 0.1551921590311246
1575414400376, 0.009676273710784944
1575414400376, -0.04014511293695745
1575414400376, 0.14037883555804676
1575414400376, -0.04822158060327457
1575414400376, 0.08184317544920966
1575414450376, 0.5464611094350897
1575414450376, 1.0450749426389832
1575414450376, 0.9797028401797432
1575414450376, 1.0400351067523481
1575414450376, 0.647829417180036
1575414450376, 0.5945694000582672
1575414450376, 0.33240925835245505
1575414450376, 0.3833671911798089
1575414450376, 0.18837826496405913
1575414450376, 0.3618946391569805
1575414450376, 0.14403378048567356
1575414450376, 0.36948568466296067
1575414450376, 0.05701347562057569
1575414450376, -0.007851063340175247
1575414450376, 0.10984039850438154
1575414450376, -0.011558081880880963
1575414450376, -0.05771915989187449
1575414450376, 0.08099455565517191
1575414450376, 0.017621277000243775
1575414450376, 0.04888305501822324
1575414500376, 0.6604760225203916
1575414500376, 1.1192559759378649
1575414500376, 1.0968018738449765
1575414500376, 1.2357516070842636
1575414500376, 0.885478103625787
1575414500376, 0.6571394321176801
1575414500376, 0.4772627087752422
1575414500376, 0.37283548519457077
1575414500376, 0.12195476397970419
1575414500376, 0.22467938611799815
1575414500376, 0.1195847133628621
1575414500376, 0.2955167565598019
1575414500376, 0.04212797512857657
1575414500376, -0.02909556304225437
1575414500376, 0.10689391979347136
1575414500376, 0.007015822225746968
1575414500376, -0.08664887366600442
1575414500376, 0.011577529726809324
1575414500376, 0.02631946913983943
1575414500376, 0.06416884876004297
1575414550376, 0.7586144778592436
1575414550376, 1.217743447236118
1575414550376, 1.2061645638574752
1575414550376, 1.3660719198372817
1575414550376, 1.0549710942939374
1575414550376, 0.790565864378259
1575414550376, 0.6193425020569868
1575414550376, 0.48022760689981436
1575414550376, 0.19015486695872655
1575414550376, 0.21398087744970407
1575414550376, 0.11941248892457496
1575414550376, 0.20052283663609102
1575414550376, -0.02614953113232078
1575414550376, -0.1681496503536549
1575414550376, -0.01853224759172719
1575414550376, -0.08679582548011228
1575414550376, -0.2004421457923654
1575414550376, -0.0631931747908572
1575414550376, -0.02142253041303502
1575414550376, 0.03605965964727663
1575414600376, 0.7803276867965862
1575414600376, 1.208728523614005
1575414600376, 1.2213252149739176
1575414600376, 1.2769641483970349
1575414600376, 1.0208340628710861
1575414600376, 0.7117317821101352
1575414600376, 0.5931641929951366
1575414600376, 0.3910456257100059
1575414600376, 0.21756477602727742
1575414600376, 0.19642191207361295
1575414600376, 0.07142750214761334
1575414600376, 0.14423167243593982
1575414600376, -0.007621912311618004
1575414600376, -0.1369074377326839
1575414600376, 0.09398633222857514
1575414600376, 0.02805537731391919
1575414600376, -0.07308346205369307
1575414600376, 0.04140948329096449
1575414600376, 0.02093500841737994
1575414600376, 0.05517696266371424
1575414650376, 0.6355002498175788
1575414650376, 1.0286330276299414
1575414650376, 0.9911064246937425
1575414650376, 0.9713634395147687
1575414650376, 0.7458244696626376
1575414650376, 0.39089374722149783
1575414650376, 0.3296298337864806
1575414650376, 0.04812458804209867
1575414650376, 0.10719485400327419
1575414650376, 0.12338656963414787
1575414650376, 0.09352628989497601
1575414650376, 0.23340432519764032
1575414650376, 0.15004668898950227
1575414650376, 0.06875693282208609
1575414650376, 0.2699547844733063
1575414650376, 0.14811528862578843
1575414650376, -0.012870032700247919
1575414650376, 0.11127778512800639
1575414650376, 0.01608484526288003
1575414650376, 0.07953552838276906
1575414700376, 0.5826308935662927
1575414700376, 1.0617407506816807
1575414700376, 0.9269846739296902
1575414700376, 1.0334936315749805
1575414700376, 0.7227243815336205
1575414700376, 0.41645662160686225
1575414700376, 0.30009685128076097
1575414700376, 0.018851202161670765
1575414700376, 0.1290961464417384
1575414700376, 0.12102268742628162
1575414700376, 0.18343851215811724
1575414700376, 0.2608061263843914
1575414700376, 0.20365677139636437
1575414700376, 0.11499222435206574
1575414700376, 0.24029633834058595
1575414700376, 0.10138423112031009
1575414700376, -0.0703145011657432
1575414700376, 0.04109709963007974
1575414700376, -0.0607003677482528
1575414700376, 0.04767773861419969
1575414750376, 0.5272843846068083
1575414750376, 1.2251602789279532
1575414750376, 1.0151978928901246
1575414750376, 1.334573279666845
1575414750376, 0.96347597092994
1575414750376, 0.8510904377046081
1575414750376, 0.5832973055570025
1575414750376, 0.39046233936849106
1575414750376, 0.42565826568980175
1575414750376, 0.42611219821558194
1575414750376, 0.4206723644514012
1575414750376, 0.540698611227152
1575414750376, 0.37589201165679925
1575414750376, 0.3311437648272941
1575414750376, 0.3276054576767829
1575414750376, 0.1602860113004762
1575414750376, -0.020375697283354238
1575414750376, 0.019250334170057948
1575414750376, -0.10222765919629755
1575414750376, 0.010224621205864317
1575414800376, 0.4633085106295071
1575414800376, 1.2887056625388613
1575414800376, 1.0615469222531826
1575414800376, 1.4667657455375531
1575414800376, 1.1127082697820267
1575414800376, 1.1827500844086487
1575414800376, 0.929792560442558
1575414800376, 0.8378741930333538
1575414800376, 0.7791842371021458
1575414800376, 0.9797316772047476
1575414800376, 0.7199605339048102
1575414800376, 1.0013625694840624
1575414800376, 0.6152348392447089
1575414800376, 0.6363594322023621
1575414800376, 0.4774534196426605
1575414800376, 0.34112018035183583
1575414800376, 0.08339532299690888
1575414800376, 0.08600983484873467
1575414800376, -0.07315564351788746
1575414800376, 0.002699131678227173
1575414850376, 0.41901829138314944
1575414850376, 1.193501460592668
1575414850376, 0.9117980650487888
1575414850376, 1.297546852260803
1575414850376, 0.8283058626758124
1575414850376, 0.9117692637422724
1575414850376, 0.6066744737184026
1575414850376, 0.5734524930595891
1575414850376, 0.33727330762417973
1575414850376, 0.717055476974458
1575414850376, 0.36001257695496053
1575414850376, 0.6583622297187075
1575414850376, 0.3367115966492095
1575414850376, 0.3442210174254268
1575414850376, 0.27451123533406907
1575414850376, 0.18600987665464636
1575414850376, 0.013182469149253858
1575414850376, 0.03485585073255783
1575414850376, -0.12067417336880053
1575414850376, 0.019960080422670702
1575414900376, 0.40815266550755186
1575414900376, 1.112348204354882
1575414900376, 0.7401907467565948
1575414900376, 1.1186465397037946
1575414900376, 0.4613789572611362
1575414900376, 0.4755610385351249
1575414900376, 0.09358683803920248
1575414900376, 0.03297952686822759
1575414900376, -0.1951129118676381
1575414900376, 0.07373133654542546
1575414900376, -0.10319731945526647
1575414900376, 0.15232139214351104
1575414900376, -0.04632438909914332
1575414900376, -0.07702685395515026
1575414900376, 0.0510435946857852
1575414900376, -0.03970774208305322
1575414900376, -0.047286600470749035
1575414900376, -0.0721324637762395
1575414900376, -0.07883928664498815
1575414900376, 0.00911966333537939
1575414950376, 0.2500675489486386
1575414950376, 0.8357013086382015
1575414950376, 0.4811378537570429
1575414950376, 0.5454844086633607
1575414950376, -0.015834188546559356
1575414950376, -0.05865235859247359
1575414950376, -0.22651667560716027
1575414950376, -0.3605614477484002
1575414950376, -0.2534365968082546
1575414950376, -0.07000400505319217
1575414950376, -0.16426787065698278
1575414950376, 0.05256868535246304
1575414950376, -0.1979872514950588
1575414950376, -0.24815556682820206
1575414950376, -0.09195321573496128
1575414950376, -0.18773703763319988
1575414950376, -0.1906425119716484
1575414950376, -0.06308109094426714
1575414950376, -0.06570320544550859
1575414950376, -0.041717901533742795
1575415000376, -0.0841764918588693
1575415000376, 0.4377897355285456
1575415000376, 0.25661247203259663
1575415000376, -0.014188870181682396
1575415000376, -0.26063506470015796
1575415000376, -0.35360347948591525
1575415000376, -0.22800747034363023
1575415000376, -0.5015211292429131
1575415000376, -0.13599067850798174
1575415000376, -0.03562947708265789
1575415000376, -0.12100684863967098
1575415000376, 0.1488673612289729
1575415000376, -0.11020241488377058
1575415000376, -0.007880201792867785
1575415000376, 0.21790409931823201
1575415000376, 0.08134101361939707
1575415000376, -0.04431918489558287
1575415000376, 0.243797186174306
1575415000376, 0.028599722627139855
1575415000376, 0.007872636408742816
1575415050376, -0.26589278545763156
1575415050376, 0.17011741465761968
1575415050376, 0.293926124836478
1575415050376, -0.04504630461780297
1575415050376, -0.25065713761623976
1575415050376, -0.31703874809994004
1575415050376, -0.17005621468444926
1575415050376, -0.4653885911572061
1575415050376, -0.15757767371559186
1575415050376, 0.03907830630295622
1575415050376, -0.05417465340102452
1575415050376, 0.10751626366842623
1575415050376, 0.03376961918633628
1575415050376, -0.005624495311071658
1575415050376, 0.2954012779062158
1575415050376, 0.1494744034494181
1575415050376, -0.11184340123674111
1575415050376, 0.21050116829416612
1575415050376, -0.056965216565136874
1575415050376, 0.10319119521641376
1575415100376, -0.3308936698595813
1575415100376, -0.004496878651396867
1575415100376, 0.261113836829595
1575415100376, 0.17299672893283385
1575415100376, -0.34412714834264446
1575415100376, -0.3492991067839042
1575415100376, -0.15019251448135784
1575415100376, -0.2622142534133571
1575415100376, -0.20492317463382007
1575415100376, 0.009234671973347246
1575415100376, 0.011961773995972536
1575415100376, 0.16187496919434166
1575415100376, 0.1335338808963416
1575415100376, -0.1462810045518133
1575415100376, 0.2608887651151423
1575415100376, 0.2694285222536005
1575415100376, -0.11527363565527182
1575415100376, -0.011188632929124483
1575415100376, -0.03296369365516755
1575415100376, 0.1662211069151386
1575415150376, -0.5041912981487061
1575415150376, 0.08271861139814843
1575415150376, 0.14237306867106603
1575415150376, 0.36422974992227575
1575415150376, -0.5283963208297503
1575415150376, -0.21134709493595424
1575415150376, -0.24823422267383172
1575415150376, -0.01619414708870768
1575415150376, -0.3247670787253841
1575415150376, 0.013810676380201692
1575415150376, 0.0323428864566412
1575415150376, 0.2058323601355499
1575415150376, 0.1653151147591319
1575415150376, -0.1641786265621125
1575415150376, 0.2525221486689179
1575415150376, 0.28087497601150474
1575415150376, -0.07543562413832545
1575415150376, -0.12225399818744123
1575415150376, 0.05715900467554208
1575415150376, 0.04798606151279836
1575415200376, -0.696658446108059
1575415200376, 0.19619053990198523
1575415200376, 0.06053838902706602
1575415200376, 0.4770895787371162
1575415200376, -0.7058451311571537
1575415200376, 0.0517144095533322
1575415200376, -0.29864304046073376
1575415200376, 0.1483034963707597
1575415200376, -0.4811289207311752
1575415200376, 0.16693352920245924
1575415200376, -0.0316355953638159
1575415200376, 0.19402698034360782
1575415200376, 0.1237412473691198
1575415200376, -0.20585208119578471
1575415200376, 0.20260981031864092
1575415200376, 0.3433903513559094
1575415200376, -0.07697523157176618
1575415200376, -0.16563820952533098
1575415200376, 0.093822936387906
1575415200376, 0.038556975338834745
1575415250376, -0.6842078394834563
1575415250376, 0.154687946752594
1575415250376, 0.03029163425584932
1575415250376, 0.6118083370225066
1575415250376, -0.8227261449621924
1575415250376, 0.2501975859443974
1575415250376, -0.3833303461796536
1575415250376, 0.2238473040596336
1575415250376, -0.5947005065123769
1575415250376, 0.30860563575316147
1575415250376, -0.21298235338828292
1575415250376, 0.28836124535103536
1575415250376, 0.00815305732798038
1575415250376, -0.12466489621179232
1575415250376, 0.053617370203081244
1575415250376, 0.4682265793280139
1575415250376, -0.03814470647079099
1575415250376, -0.16647721886662822
1575415250376, 0.0782804715462928
1575415250376, 0.06172671060534603
1575415300376, -0.630073194239758
1575415300376, 0.15295065143839226
1575415300376, -0.053713429592466264
1575415300376, 0.6894171570497096
1575415300376, -0.8331443307880857
1575415300376, 0.3666049216111639
1575415300376, -0.5114210257434132
1575415300376, 0.32127601689265706
1575415300376, -0.7139532006021845
1575415300376, 0.4378279062381831
1575415300376, -0.3895801072953591
1575415300376, 0.4370683917826414
1575415300376, -0.13708791679658994
1575415300376, 0.017942922942752054
1575415300376, -0.09675576522146977
1575415300376, 0.5661521696907773
1575415300376, -0.0523012492019697
1575415300376, -0.04238798011157829
1575415300376, -0.006425711862349935
1575415300376, 0.07278443632527691
1575415350376, -0.6679446734696237
1575415350376, 0.1289919197441472
1575415350376, -0.057237440260129425
1575415350376, 0.6943450149608552
1575415350376, -0.8289641673424544
1575415350376, 0.4124159080102088
1575415350376, -0.49562336514140676
1575415350376, 0.35712289653248175
1575415350376, -0.7147949818688768
1575415350376, 0.4868345768613493
1575415350376, -0.42784834309496345
1575415350376, 0.45033453277564484
1575415350376, -0.17995593810825625
1575415350376, 0.01122946637767432
1575415350376, -0.14609725937175902
1575415350376, 0.5820504023197507
1575415350376, -0.04778192307801621
1575415350376, -0.02401215129959416
1575415350376, -0.01201905494856479
1575415350376, 0.0909641662055261
1575415400376, -0.865278378242915
1575415400376, 0.28427762930500533
1575415400376, -0.21985488281091234
1575415400376, 0.8533604154254248
1575415400376, -1.040686984226773
1575415400376, 0.7444177108726425
1575415400376, -0.7895584718859636
1575415400376, 0.7277976747536163
1575415400376, -1.019302780369394
1575415400376, 0.8735855039479437
1575415400376, -0.792677288180492
1575415400376, 0.784818915902434
1575415400376, -0.5313965567534216
1575415400376, 0.23817854284554252
1575415400376, -0.3791043522513554
1575415400376, 0.7749205917418736
1575415400376, -0.2507232142826433
1575415400376, 0.1254012093658424
1575415400376, -0.12295177685687221
1575415400376, 0.15227787370181628
1575415450376, -0.959864448012258
1575415450376, 0.2179414888612752
1575415450376, -0.05871116118963307
1575415450376, 0.6083084070059744
1575415450376, -0.8379307165115105
1575415450376, 0.5938442475801845
1575415450376, -0.5215520784217754
1575415450376, 0.44800371309144493
1575415450376, -0.7056053509608585
1575415450376, 0.5794139899145421
1575415450376, -0.44276317134271165
1575415450376, 0.48757415571184065
1575415450376, -0.2870251685661534
1575415450376, -0.10718116047536601
1575415450376, -0.023191853142634156
1575415450376, 0.5482909737914861
1575415450376, -0.18717847545388902
1575415450376, 0.0293044300726083
1575415450376, 0.029472746214143388
1575415450376, 0.03031786691553911
1575415500376, -0.967313963719651
1575415500376, 0.07647869082273327
1575415500376, 0.07065860339513474
1575415500376, 0.49867014003115445
1575415500376, -0.7040661331761016
1575415500376, 0.43572870821436893
1575415500376, -0.23877375379708846
1575415500376, 0.1541293090951898
1575415500376, -0.45545117172002036
1575415500376, 0.3846650838315604
1575415500376, -0.19949179446134266
1575415500376, 0.26941165317768534
1575415500376, -0.12539680192575017
1575415500376, -0.298997046013197
1575415500376, 0.15483266220406947
1575415500376, 0.37557711173543157
1575415500376, -0.07692516252119994
1575415500376, -0.04010271024667645
1575415500376, 0.06281188009037139
1575415500376, 0.00869370322535268
1575415550376, -1.1816916315497268
1575415550376, 0.17384470898312426
1575415550376, 0.16971563831967473
1575415550376, 0.5145869755380578
1575415550376, -1.022023989103002
1575415550376, 0.8655129080173395
1575415550376, -0.4643225941523053
1575415550376, 0.26196331972149045
1575415550376, -0.6200726851745971
1575415550376, 0.7108947478640183
1575415550376, -0.4914743123489206
1575415550376, 0.4733526431390818
1575415550376, -0.3240376347007886
1575415550376, -0.14108951418565935
1575415550376, 0.01607363658704996
1575415550376, 0.5741698479556196
1575415550376, -0.36505016929695894
1575415550376, 0.06569409165491105
1575415550376, 0.0994155106593188
1575415550376, -0.033761642441001306
1575415600376, -1.3363235344154831
1575415600376, 0.2635867752169384
1575415600376, 0.3715756373955952
1575415600376, 0.09940514344348801
1575415600376, -0.7615014175151913
1575415600376, 1.0032431621801072
1575415600376, -0.6802595178489096
1575415600376, 0.1768745494986751
1575415600376, -0.2532510157752945
1575415600376, 0.4206297150973986
1575415600376, -0.34858624430852964
1575415600376, 0.30305622142008093
1575415600376, -0.0832687096601621
1575415600376, -0.31931953624651455
1575415600376, 0.0442623746227653
1575415600376, 0.5923205265498057
1575415600376, -0.34188058007240596
1575415600376, -0.1165914590605967
1575415600376, 0.3036040943618804
1575415600376, -0.11499154819317299
1575415650376, -1.4546285315736924
1575415650376, 0.39970223294491725
1575415650376, 0.34214659326835917
1575415650376, -0.028714008778943388
1575415650376, -0.6147552868455974
1575415650376, 1.12097044573115
1575415650376, -1.0031785047663415
1575415650376, 0.38517901438399854
1575415650376, -0.1539816217709516
1575415650376, 0.1733500357223685
1575415650376, -0.25152571963968984
1575415650376, 0.4944460618088287
1575415650376, -0.37126207167184017
1575415650376, -0.21198950654539583
1575415650376, 0.1413457132353903
1575415650376, 0.4663787320563361
1575415650376, -0.36698746811969585
1575415650376, -0.05104879284865569
1575415650376, 0.29204956436812823
1575415650376, -0.12428410307804365
1575415700376, -1.3572447506563665
1575415700376, 0.19890224700083514
1575415700376, 0.4142418771771172
1575415700376, -0.1462896503497419
1575415700376, -0.23381164719332348
1575415700376, 0.7522539460159968
1575415700376, -0.730941366095993
1575415700376, 0.14928559903386499
1575415700376, 0.03412673013633094
1575415700376, -0.12138521575501886
1575415700376, 0.11540872699383482
1575415700376, 0.3568482936177062
1575415700376, -0.42773086004231176
1575415700376, -0.19379002983143045
1575415700376, 0.2276173310940474
1575415700376, 0.2687160494038709
1575415700376, -0.24176539684844994
1575415700376, 0.010521197355461535
1575415700376, 0.1807735049185582
1575415700376, -0.07651087002404107
1575415750376, -1.0712562682242068
1575415750376, -0.07080133167089742
1575415750376, 0.24011067734219732
1575415750376, 0.016446804772570652
1575415750376, -0.012609439812387718
1575415750376, 0.3012285785696171
1575415750376, -0.18686929308527686
1575415750376, -0.11622491638425748
1575415750376, -0.08493787370934873
1575415750376, -0.05226133510542283
1575415750376, 0.22666740642323102
1575415750376, 0.14687618521461326
1575415750376, -0.21752657384776458
1575415750376, -0.19319319331400261
1575415750376, 0.06824839973183476
1575415750376, 0.25319522941620826
1575415750376, -0.08561094759297995
1575415750376, -0.04927673627355102
1575415750376, 0.11575213237749188
1575415750376, 0.019251408824972283
1575415800376, -1.2164754565092863
1575415800376, -0.12662237424552603
1575415800376, 0.5721632790095152
1575415800376, -0.14079066391141273
1575415800376, -0.11610795634666919
1575415800376, 0.5581888202194182
1575415800376, -0.3809901842224486
1575415800376, -0.29572245290236254
1575415800376, 0.26865558374471127
1575415800376, -0.2657341347164505
1575415800376, 0.245072416868662
1575415800376, 0.40354932581316116
1575415800376, -0.4914856046709744
1575415800376, -0.23077347009445803
1575415800376, 0.26777919976696135
1575415800376, 0.23912454065179484
1575415800376, -0.3388017412667403
1575415800376, 0.14824979004103744
1575415800376, 0.12807698072520438
1575415800376, -0.05737563691848335
1575415850376, -1.0829260929276059
1575415850376, -0.3209952170952788
1575415850376, 0.5319525741374995
1575415850376, -0.028642159474224806
1575415850376, -0.03878713913623922
1575415850376, 0.49349638225390774
1575415850376, -0.36895120106880835
1575415850376, -0.3005666640663655
1575415850376, 0.164872232388447
1575415850376, -0.18788196769637464
1575415850376, 0.24540435141962058
1575415850376, 0.4116199912657136
1575415850376, -0.4449813244570104
1575415850376, -0.2808572938936261
1575415850376, 0.22020640242844292
1575415850376, 0.25841238438655356
1575415850376, -0.2595353293151554
1575415850376, 0.06805469597666534
1575415850376, 0.10493374760103161
1575415850376, -0.006949792708418993
1575415900376, -0.9973921783838189
1575415900376, -0.37600879102363816
1575415900376, 0.43149516823466527
1575415900376, 0.030176923582056512
1575415900376, 0.021341382765424424
1575415900376, 0.44091499558312874
1575415900376, -0.313256772162684
1575415900376, -0.28880362501791546
1575415900376, 0.06911281137143796
1575415900376, -0.14590888871026958
1575415900376, 0.24136181194937897
1575415900376, 0.34760589776883666
1575415900376, -0.32658726170433283
1575415900376, -0.27972187367560153
1575415900376, 0.1461704129267226
1575415900376, 0.25492961332284503
1575415900376, -0.2095755802896781
1575415900376, 0.027006813345185614
1575415900376, 0.07369374589948155
1575415900376, 0.047470369122764186
1575415950376, -0.9845311870902886
1575415950376, -0.44867001259201966
1575415950376, 0.44664015319411954
1575415950376, 0.05509881968293063
1575415950376, 0.04662814701161217
1575415950376, 0.4936323824941656
1575415950376, -0.34163992970390794
1575415950376, -0.4097208846383274
1575415950376, 0.16524247937130682
1575415950376, -0.20374298383487457
1575415950376, 0.3087892754999148
1575415950376, 0.3430908443139761
1575415950376, -0.32387555908580884
1575415950376, -0.2898021019264883
1575415950376, 0.1158780216916756
1575415950376, 0.2591369047643503
1575415950376, -0.15377966234858942
1575415950376, 0.033737360168123495
1575415950376, 0.0036334970798547472
1575415950376, 0.06597017462815032
1575416000376, -0.8685985877618521
1575416000376, -0.4139018005557306
1575416000376, 0.2304658717970405
1575416000376, 0.11424795624945623
1575416000376, 0.10315125995723412
1575416000376, 0.31668243786754646
1575416000376, -0.1368917430857252
1575416000376, -0.2829591666319154
1575416000376, -0.015183702468904943
1575416000376, -0.18721285237716415
1575416000376, 0.2937575341564286
1575416000376, 0.1506183765730076
1575416000376, -0.1393405313326723
1575416000376, -0.14223668613638873
1575416000376, -0.009487026509056841
1575416000376, 0.23523046700099087
1575416000376, -0.11733821386590951
1575416000376, -0.03868467303154638
1575416000376, 0.013642715265517497
1575416000376, 0.13385301200565472
1575416050376, -1.1393406361071086
1575416050376, -0.4911614803972512
1575416050376, 0.8164772929736754
1575416050376, -0.09635361591548415
1575416050376, -0.10309617289954424
1575416050376, 0.8001026596557547
1575416050376, -0.6571221510985701
1575416050376, -0.5332260559328998
1575416050376, 0.5561185491239681
1575416050376, -0.4210046719335237
1575416050376, 0.3260956456075642
1575416050376, 0.6250419289485002
1575416050376, -0.6711130596345101
1575416050376, -0.3260407989533987
1575416050376, 0.4295302648540701
1575416050376, 0.06307512389288271
1575416050376, -0.21583381049063466
1575416050376, 0.16221089264637079
1575416050376, -0.015711152911402376
1575416050376, 0.025061358136544514
1575416100376, -1.0358169622028557
1575416100376, -0.392351422766946
1575416100376, 0.3826861574171435
1575416100376, 0.16443689997271038
1575416100376, 0.029775959297027525
1575416100376, 0.45929116462297315
1575416100376, -0.405422307028994
1575416100376, -0.28741396596028607
1575416100376, 0.03180113636078152
1575416100376, -0.14101382670378948
1575416100376, 0.3580687550234686
1575416100376, 0.2760370479476662
1575416100376, -0.3117445713852253
1575416100376, -0.2670015437312692
1575416100376, 0.12055625724310594
1575416100376, 0.2595236205125085
1575416100376, -0.14324909640615285
1575416100376, -0.0727213716378377
1575416100376, 0.09735719627180345
1575416100376, 0.05717332707816893
1575416150376, -1.1701129641904195
1575416150376, -0.7225703717077951
1575416150376, 1.3341277103047533
1575416150376, -0.21308192376858967
1575416150376, -0.5148007072459925
1575416150376, 1.204435350700612
1575416150376, -0.8249430077040905
1575416150376, -0.7495338440117967
1575416150376, 1.0404712562013367
1575416150376, -0.6410907915880736
1575416150376, 0.08164633431253915
1575416150376, 1.1632138078794974
1575416150376, -1.1323833715605838
1575416150376, -0.4379849132948666
1575416150376, 0.9851248805963622
1575416150376, -0.2204310520998964
1575416150376, -0.3635082294669904
1575416150376, 0.3538164484299409
1575416150376, -0.05164880835827354
1575416150376, -0.008149843529199188
1575416200376, -0.8307770713281152
1575416200376, -0.5172800207352471
1575416200376, 0.324177687799171
1575416200376, 0.15754202109240975
1575416200376, 0.03527994744534672
1575416200376, 0.3025292239362594
1575416200376, -0.11184182847730699
1575416200376, -0.24825206924033455
1575416200376, -0.09928210997634912
1575416200376, -0.16081415436235713
1575416200376, 0.28140343969668496
1575416200376, 0.1798448286355962
1575416200376, -0.19900258486661979
1575416200376, -0.05985657699549244
1575416200376, -0.031285313459558706
1575416200376, 0.21133088878284859
1575416200376, -0.04249199720637252
1575416200376, -0.15965962012805485
1575416200376, 0.11017176798382791
1575416200376, 0.11225786939206135
1575416250376, -1.0978098021220655
1575416250376, -0.6804434909348246
1575416250376, 1.1154285688785135
1575416250376, -0.21732101734667153
1575416250376, -0.18126856808370406
1575416250376, 0.9909164724113808
1575416250376, -0.883607809583461
1575416250376, -0.565480158279742
1575416250376, 0.7893411004829525
1575416250376, -0.5546783803632759
1575416250376, 0.2594432710210414
1575416250376, 0.8879337638454886
1575416250376, -0.949315864809682
1575416250376, -0.32345165361815226
1575416250376, 0.6183804609328863
1575416250376, -0.07669675200649514
1575416250376, -0.07403502790689484
1575416250376, 0.08607038458450816
1575416250376, -0.07243703836323538
1575416250376, 0.07437864194276181
1575416300376, -0.997710735277848
1575416300376, -0.5392818402969365
1575416300376, 0.6550155639874394
1575416300376, -0.04327142518070791
1575416300376, 0.1283436124492292
1575416300376, 0.5050944608462278
1575416300376, -0.5522145818824823
1575416300376, -0.32464482753141255
1575416300376, 0.14004375471623212
1575416300376, -0.2000556063347021
1575416300376, 0.3625662357851911
1575416300376, 0.40558280046228606
1575416300376, -0.40706599355763956
1575416300376, -0.33576832121119526
1575416300376, 0.16507726565481462
1575416300376, 0.26082393102047813
1575416300376, -0.05829441142901561
1575416300376, -0.09382932215205901
1575416300376, 0.06377811417476734
1575416300376, 0.05821250163556082
1575416350376, -1.1386286919983635
1575416350376, -0.48632898867402585
1575416350376, 0.9116764733857916
1575416350376, -0.17136651875117312
1575416350376, -0.03632592415509193
1575416350376, 0.6927670620075812
1575416350376, -0.6978354170874902
1575416350376, -0.43653529589766965
1575416350376, 0.46441653630922813
1575416350376, -0.3306747736822247
1575416350376, 0.316751369207797
1575416350376, 0.571812889604347
1575416350376, -0.6193192269299566
1575416350376, -0.3630853374827711
1575416350376, 0.3737825369147388
1575416350376, 0.1788129893352143
1575416350376, -0.15583269810778047
1575416350376, 0.015895428295892713
1575416350376, 0.05912037475837552
1575416350376, 0.012739354770028527
1575416400376, -1.4764497876848326
1575416400376, -0.029258750927262014
1575416400376, 1.0716199875071508
1575416400376, -0.4654944661168377
1575416400376, -0.26962005023355545
1575416400376, 0.9482748504996069
1575416400376, -0.735594476598904
1575416400376, -0.6721596626020168
1575416400376, 1.0086838972636303
1575416400376, -0.4766061288181817
1575416400376, -0.04665499773118365
1575416400376, 0.808561796502392
1575416400376, -0.675177178047006
1575416400376, -0.44475011563274125
1575416400376, 0.6169360567869043
1575416400376, 0.17901314425101764
1575416400376, -0.4954838387757783
1575416400376, 0.30781197210116645
1575416400376, -0.03979465449411241
1575416400376, 0.004579693713815202
1575416450376, -1.2791816920462724
1575416450376, -0.14067902435644855
1575416450376, 0.6783610900524276
1575416450376, -0.017419622970530395
1575416450376, -0.0983247005919009
1575416450376, 0.3188454551295915
1575416450376, -0.23084714578219004
1575416450376, -0.5696716285516965
1575416450376, 0.32426992321844844
1575416450376, -0.0038537508322615973
1575416450376, 0.15967463689977857
1575416450376, 0.2940825258679962
1575416450376, -0.3737031142135728
1575416450376, -0.2461969652632369
1575416450376, 0.06291301739474495
1575416450376, 0.4492631231997747
1575416450376, -0.18769463347094412
1575416450376, -0.042007394731864336
1575416450376, 0.03458645236631358
1575416450376, 0.04013762474426511
1575416500376, -1.137420859559707
1575416500376, -0.5351122336799772
1575416500376, 1.0850580599652069
1575416500376, 0.13302279673752596
1575416500376, -0.5331652509610677
1575416500376, 0.23542905955941923
1575416500376, 0.12770871191337135
1575416500376, -0.7334009212383534
1575416500376, 0.2905047609036326
1575416500376, 0.28543634300950876
1575416500376, -0.2007777054215754
1575416500376, 0.33522953630538127
1575416500376, -0.15451553857311703
1575416500376, -0.5647473820145454
1575416500376, 0.17552407975766984
1575416500376, 0.7800354953408634
1575416500376, -0.4048654227328511
1575416500376, -0.3102616210091087
1575416500376, 0.35249578845017415
1575416500376, -0.049618396704798055
1575416550376, -0.9966785997796804
1575416550376, -0.5545539184931214
1575416550376, 0.8278706165825799
1575416550376, 0.26271471309436556
1575416550376, -0.32626542094280686
1575416550376, 0.024328316603798285
1575416550376, 0.08478472557628587
1575416550376, -0.5051511977588391
1575416550376, 0.09840984382406417
1575416550376, 0.14442745699727677
1575416550376, 0.038054666349805255
1575416550376, 0.28852919572622854
1575416550376, -0.18421172637468108
1575416550376, -0.4636500131127636
1575416550376, 0.05188370517245652
1575416550376, 0.6806080102905178
1575416550376, -0.1650075496739827
1575416550376, -0.28755356924747777
1575416550376, 0.17954610549280034
1575416550376, 0.021743266071526872
1575416600376, -0.9952585481000255
1575416600376, -0.3380132507445996
1575416600376, 0.6445476835262236
1575416600376, 0.15204127001890927
1575416600376, -0.22968194292034147
1575416600376, 0.06711847552347733
1575416600376, -0.05398866645362464
1575416600376, -0.28959741387169047
1575416600376, 0.02424951794044532
1575416600376, 0.01886678788361691
1575416600376, 0.05696553553184767
1575416600376, 0.23744746447026674
1575416600376, -0.014019052066293078
1575416600376, -0.49552670682371286
1575416600376, 0.04993907048071181
1575416600376, 0.6435485873270925
1575416600376, -0.1843817870536938
1575416600376, -0.24022898501764473
1575416600376, 0.23790587010326308
1575416600376, -0.035060386917435585
1575416650376, -1.0197093913147603
1575416650376, -0.08599141696385598
1575416650376, 0.4132244417839147
1575416650376, 0.13214266221623108
1575416650376, -0.24814867320153927
1575416650376, 0.1558650945939172
1575416650376, -0.2191299531469533
1575416650376, -0.03225157567286105
1575416650376, -0.16717545640754408
1575416650376, 0.02875381043296147
1575416650376, 0.058017369066606046
1575416650376, 0.21930458861118446
1575416650376, 0.06631410846820174
1575416650376, -0.5024355006142894
1575416650376, 0.12215018229112473
1575416650376, 0.5496614648180453
1575416650376, -0.20346778725011797
1575416650376, -0.20878336433851832
1575416650376, 0.28978969594012727
1575416650376, -0.08939758735493925
1575416700376, -0.9740181168454506
1575416700376, -0.09345018415290478
1575416700376, 0.419593636996461
1575416700376, 0.15436893066147575
1575416700376, -0.3386224389099974
1575416700376, 0.19639924776134282
1575416700376, -0.26458096194176683
1575416700376, 0.04995371159397506
1575416700376, -0.20772550050075075
1575416700376, 0.013379723223849487
1575416700376, 0.041925990206084625
1575416700376, 0.2353988433357559
1575416700376, 0.05565318525786931
1575416700376, -0.4702163517771818
1575416700376, 0.1393620782523387
1575416700376, 0.5479488005792174
1575416700376, -0.15728873136590266
1575416700376, -0.3080488364474475
1575416700376, 0.34600467130203416
1575416700376, -0.0869656567014888
1575416750376, -0.9133734705184541
1575416750376, -0.042965866186149115
1575416750376, 0.5628933249641729
1575416750376, -0.04725432708530872
1575416750376, -0.5534298499972399
1575416750376, 0.45923972490345655
1575416750376, -0.4701391420362441
1575416750376, 0.08088354023912833
1575416750376, -0.11267834600875931
1575416750376, -0.021753815875244185
1575416750376, -0.06568858244922052
1575416750376, 0.2938049751406838
1575416750376, 0.042217598867139966
1575416750376, -0.3874117909649877
1575416750376, 0.2349381711178121
1575416750376, 0.4678700967153068
1575416750376, -0.17479529420237527
1575416750376, -0.300411761838453
1575416750376, 0.3831257493014596
1575416750376, -0.14979478554114348
1575416800376, -0.8419154293436961
1575416800376, -0.04876510427287628
1575416800376, 0.5483168065664651
1575416800376, -0.05929524940103026
1575416800376, -0.5386086183896935
1575416800376, 0.4501404472282583
1575416800376, -0.5347922999434449
1575416800376, 0.09243347510578255
1575416800376, -0.0864472038302918
1575416800376, -0.07753754814946061
1575416800376, -0.023063978433783473
1575416800376, 0.3227693955139569
1575416800376, -0.00973538952586181
1575416800376, -0.31081494184048025
1575416800376, 0.20279076481116953
1575416800376, 0.42456602699165563
1575416800376, -0.09311755449492909
1575416800376, -0.3080470995173306
1575416800376, 0.3231797037620791
1575416800376, -0.10014798865850152
1575416850376, -0.7550299405254841
1575416850376, -0.09782245764152833
1575416850376, 0.39328421702010774
1575416850376, 0.13486859739202312
1575416850376, -0.6123880904383195
1575416850376, 0.2969452638704333
1575416850376, -0.4291259109297687
1575416850376, 0.07286098514350406
1575416850376, -0.1655012675719492
1575416850376, 0.06081886239129506
1575416850376, -0.06236471710368082
1575416850376, 0.3397805747514149
1575416850376, 0.08873096888129595
1575416850376, -0.3185972727442416
1575416850376, 0.10879545005625552
1575416850376, 0.5127272143607792
1575416850376, -0.0718372068676835
1575416850376, -0.3973724688491196
1575416850376, 0.29419096854008975
1575416850376, -0.0885570872659712
1575416900376, -0.6738892135723484
1575416900376, -0.10527353060968539
1575416900376, 0.14266367987149545
1575416900376, 0.37310746847632803
1575416900376, -0.7061519856706214
1575416900376, 0.09568315619396574
1575416900376, -0.3398557381688672
1575416900376, 0.14431760321147896
1575416900376, -0.16817925899062042
1575416900376, 0.17665998715926678
1575416900376, -0.060751879647222444
1575416900376, 0.26239894900582605
1575416900376, 0.1534074570834416
1575416900376, -0.17792282280925928
1575416900376, -0.05056958773415492
1575416900376, 0.43853267530300694
1575416900376, -0.06150775110395263
1575416900376, -0.3926432291685871
1575416900376, 0.15122759556977525
1575416900376, 0.04565504363860644
1575416950376, -0.6337689405505258
1575416950376, -0.09089059693152748
1575416950376, 0.07160888570715467
1575416950376, 0.4201463962883632
1575416950376, -0.6918543872802223
1575416950376, 0.05851462028613684
1575416950376, -0.4239181778047018
1575416950376, 0.22496578916879204
1575416950376, -0.2067574872207037
1575416950376, 0.1913650148361582
1575416950376, -0.061359361304540075
1575416950376, 0.3180195714254471
1575416950376, 0.11051548612592693
1575416950376, -0.11405172096116692
1575416950376, -0.06701659001091197
1575416950376, 0.4457737520358537
1575416950376, -0.07185228404764955
1575416950376, -0.3982741996309091
1575416950376, 0.13887028656005163
1575416950376, 0.051937365565678774
1575417000376, -0.5451147531813421
1575417000376, -0.1687995300548377
1575417000376, 0.0936453492913099
1575417000376, 0.25043706555693707
1575417000376, -0.5075527683473066
1575417000376, -0.10525520279169631
1575417000376, -0.4610000939437508
1575417000376, 0.1423217178939917
1575417000376, -0.011149196570111927
1575417000376, 0.08674645836277398
1575417000376, 0.010757191985334508
1575417000376, 0.3735810914302241
1575417000376, 0.1588740803515845
1575417000376, -0.11114631438770249
1575417000376, 0.021792299621400484
1575417000376, 0.35278257910919497
1575417000376, -0.11884114799630453
1575417000376, -0.36674958017328474
1575417000376, 0.11061765129820017
1575417000376, -0.01911530312335445
1575417050376, -0.6285636040960385
1575417050376, -0.09177509998850852
1575417050376, 0.08557078909573115
1575417050376, 0.12517844794844776
1575417050376, -0.2515426569055536
1575417050376, -0.19975405087544224
1575417050376, -0.5090866742942399
1575417050376, 0.1321050192674593
1575417050376, 0.15310663439686759
1575417050376, 0.09961387031950805
1575417050376, -0.08261496974897989
1575417050376, 0.2614555383133644
1575417050376, 0.18901861456167926
1575417050376, -0.09598181015737509
1575417050376, 0.12314513128382444
1575417050376, 0.16474609190598516
1575417050376, -0.21275738541426426
1575417050376, -0.12125463917143843
1575417050376, 0.02231498869859912
1575417050376, 0.031051252803794418
1575417100376, -0.47758174201968806
1575417100376, -0.019158410540463147
1575417100376, -0.14263075071940534
1575417100376, 0.22365600771492555
1575417100376, -0.2741440361249248
1575417100376, -0.21583375182784995
1575417100376, -0.636517679936389
1575417100376, 0.12831797003918038
1575417100376, -0.005070842722085757
1575417100376, 0.28836298939601274
1575417100376, -0.05458952657642141
1575417100376, 0.22509950168772108
1575417100376, 0.2767488572662216
1575417100376, -0.026955375952194986
1575417100376, 0.10894783742455953
1575417100376, 0.15054268670224139
1575417100376, -0.14946244014650237
1575417100376, -0.1895874239383307
1575417100376, -0.021674112917127515
1575417100376, 0.03646923049371306
1575417150376, -0.5228494838956922
1575417150376, 0.024229208520705543
1575417150376, -0.10543745504707068
1575417150376, 0.36610386417278656
1575417150376, -0.6608828442500133
1575417150376, 0.08334243339326951
1575417150376, -0.6739553122851958
1575417150376, 0.2767483294437293
1575417150376, -0.2849188584745483
1575417150376, 0.41501387174600024
1575417150376, -0.19341403217896763
1575417150376, 0.44437689449489326
1575417150376, 0.05425180892683862
1575417150376, 0.027687757077929344
1575417150376, -0.009572475252292621
1575417150376, 0.343261366047404
1575417150376, -0.2616528057977764
1575417150376, -0.17061985111799066
1575417150376, 0.09993741346342083
1575417150376, -0.026505554514512527
1575417200376, -0.6220403472141108
1575417200376, -0.041937711159575744
1575417200376, 0.10178636104696176
1575417200376, 0.3393668653303149
1575417200376, -0.8320054806869684
1575417200376, 0.20240864427190494
1575417200376, -0.5129440364767687
1575417200376, 0.1861349370426146
1575417200376, -0.2852650249864419
1575417200376, 0.42893580746102844
1575417200376, -0.1628738189343451
1575417200376, 0.37658102146325934
1575417200376, 0.047438466412422525
1575417200376, -0.04942365199338681
1575417200376, 0.06662663789088914
1575417200376, 0.35380808235147676
1575417200376, -0.32382568717538296
1575417200376, -0.21337928479798188
1575417200376, 0.2543844046629985
1575417200376, -0.08636112073556809
1575417250376, -0.6436765773574127
1575417250376, -0.07343288000992856
1575417250376, 0.11503815001368892
1575417250376, 0.3046342483614557
1575417250376, -0.7275387711286159
1575417250376, 0.14322189421296055
1575417250376, -0.5056807287417191
1575417250376, 0.17664998641637195
1575417250376, -0.23333419320148982
1575417250376, 0.408255161417645
1575417250376, -0.1280686829037899
1575417250376, 0.3304858636844776
1575417250376, 0.06139278612396913
1575417250376, -0.05508435852801926
1575417250376, 0.07515025997627317
1575417250376, 0.35503026966993606
1575417250376, -0.35823460029101767
1575417250376, -0.18383591035724492
1575417250376, 0.2138407034069004
1575417250376, -0.07267257456149
1575417300376, -0.7039004849443485
1575417300376, -0.09395908109872372
1575417300376, 0.2061820116417397
1575417300376, 0.20755202802705483
1575417300376, -0.532157137160224
1575417300376, 0.03792824412097834
1575417300376, -0.3900675279565444
1575417300376, 0.09672391006144095
1575417300376, -0.20641708925160804
1575417300376, 0.38808573804247953
1575417300376, -0.07658939326543451
1575417300376, 0.19210634063373644
1575417300376, 0.07013497759277779
1575417300376, -0.11829472645234866
1575417300376, 0.14721423935527464
1575417300376, 0.37404244177697676
1575417300376, -0.4317813928852435
1575417300376, -0.07780391311581127
1575417300376, 0.16056930430281946
1575417300376, -0.03455822545489993
1575417350376, -0.7076586306630357
1575417350376, -0.04730247017880957
1575417350376, 0.20825754789092843
1575417350376, 0.16698890917287487
1575417350376, -0.5426380334349754
1575417350376, 0.03472931411645937
1575417350376, -0.40039525218623917
1575417350376, 0.1172641570225663
1575417350376, -0.23211436240571778
1575417350376, 0.34644347589200325
1575417350376, -0.02463764855813232
1575417350376, 0.22950650126939776
1575417350376, 0.06883936016540822
1575417350376, -0.11953476675043594
1575417350376, 0.198363399884384
1575417350376, 0.36286139475089896
1575417350376, -0.4642338820011632
1575417350376, -0.08947406688388662
1575417350376, 0.2091210597698379
1575417350376, -0.0842780462199254
1575417400376, -0.8658017144660616
1575417400376, 0.2984751487096028
1575417400376, 0.13133619610883934
1575417400376, 0.10205681061303205
1575417400376, -0.6789113780064642
1575417400376, 0.30649001360105654
1575417400376, -0.5486004516653791
1575417400376, 0.2125846456154768
1575417400376, -0.4332144329264179
1575417400376, 0.3896396099232102
1575417400376, -0.10527540153552394
1575417400376, 0.28609382207027706
1575417400376, 0.040197732549910103
1575417400376, -0.02453843022215127
1575417400376, 0.19579378624552268
1575417400376, 0.3788182422996425
1575417400376, -0.48126541113788696
1575417400376, 0.004430071649020428
1575417400376, 0.22367288114380904
1575417400376, -0.20259768601099323
1575417450376, -0.8564274691879279
1575417450376, 0.3093284715517284
1575417450376, 0.1538518062031592
1575417450376, 0.10081701885231677
1575417450376, -0.682178696384588
1575417450376, 0.3150334653835514
1575417450376, -0.5091490958700515
1575417450376, 0.1341781792626064
1575417450376, -0.39702607109786464
1575417450376, 0.3795723960922447
1575417450376, -0.12099764459966113
1575417450376, 0.23188965922956933
1575417450376, 0.11701384998216895
1575417450376, -0.08729429822856276
1575417450376, 0.23769385113094785
1575417450376, 0.3644910022996912
1575417450376, -0.4073015689827856
1575417450376, -0.06792895135696966
1575417450376, 0.2772595043015651
1575417450376, -0.21440518059630775
1575417500376, -0.7757378518200249
1575417500376, 0.16485729649516398
1575417500376, 0.13659074698861928
1575417500376, 0.21217952511388227
1575417500376, -0.7657982081398084
1575417500376, 0.32405928187509986
1575417500376, -0.5123897593303819
1575417500376, 0.17619952138033715
1575417500376, -0.42729678562899387
1575417500376, 0.4748011901439886
1575417500376, -0.20370906066441752
1575417500376, 0.3370543427999243
1575417500376, 0.041759472683116354
1575417500376, -0.05588633752357825
1575417500376, 0.17342858550394047
1575417500376, 0.4532404240295533
1575417500376, -0.44720516657964426
1575417500376, -0.12264579203353529
1575417500376, 0.2740008212141641
1575417500376, -0.1834096514594812
1575417550376, -0.7339793696233414
1575417550376, -0.1157519430286061
1575417550376, 0.29146086551242695
1575417550376, 0.1563616314558597
1575417550376, -0.6165719465714499
1575417550376, 0.2841565599185176
1575417550376, -0.3946564745608494
1575417550376, 0.10221954401534483
1575417550376, -0.3266416176306784
1575417550376, 0.4498005129866028
1575417550376, -0.15457709753520094
1575417550376, 0.13231311284632938
1575417550376, 0.11362692112194524
1575417550376, -0.12735490336606634
1575417550376, 0.1647460734886833
1575417550376, 0.45085017261974625
1575417550376, -0.3926517018126212
1575417550376, -0.17304850491649498
1575417550376, 0.26964347783174825
1575417550376, -0.13042658184204559
1575417600376, -0.7531155114281327
1575417600376, -0.11465838710017157
1575417600376, 0.34998775239438
1575417600376, 0.05764077974407815
1575417600376, -0.5427064459157086
1575417600376, 0.3069300678333412
1575417600376, -0.4535155971489047
1575417600376, 0.10846249557866175
1575417600376, -0.2628203622645706
1575417600376, 0.36892902312463455
1575417600376, -0.11113264357443328
1575417600376, 0.11988357037764581
1575417600376, 0.1282209515840113
1575417600376, -0.14693449362546293
1575417600376, 0.21777437132031294
1575417600376, 0.4275871132363893
1575417600376, -0.39871980785381433
1575417600376, -0.1740044001272601
1575417600376, 0.2967262540164053
1575417600376, -0.16120760476642082
1575417650376, -0.9161365660922212
1575417650376, 0.01483242616319621
1575417650376, 0.28999593326418305
1575417650376, 0.1316152049227431
1575417650376, -0.6023175430297735
1575417650376, 0.4682517767648852
1575417650376, -0.564566366327833
1575417650376, 0.14705643288708137
1575417650376, -0.1557747869908077
1575417650376, 0.39024872543566197
1575417650376, -0.3889260906944955
1575417650376, 0.3032341787475139
1575417650376, 0.007939430878489931
1575417650376, -0.12798761534149533
1575417650376, 0.26309847760737604
1575417650376, 0.41473513555888725
1575417650376, -0.5143516411706085
1575417650376, -0.04874771761413033
1575417650376, 0.3358889404322768
1575417650376, -0.21919893475465416
1575417700376, -1.0576422431750558
1575417700376, 0.21525601764359872
1575417700376, 0.20154024457505867
1575417700376, 0.11442553684838846
1575417700376, -0.560132306002502
1575417700376, 0.58434899827061
1575417700376, -0.76632926002092
1575417700376, 0.3099851935820874
1575417700376, -0.1653048790731955
1575417700376, 0.3760190143929385
1575417700376, -0.4814104227570328
1575417700376, 0.42484976288272436
1575417700376, -0.18936186049955628
1575417700376, 0.05102298619823353
1575417700376, 0.19611416395926062
1575417700376, 0.40793264067946444
1575417700376, -0.6032076328823938
1575417700376, 0.14527969636513988
1575417700376, 0.1955491749079467
1575417700376, -0.16285766416679945
1575417750376, -0.9859250080772758
1575417750376, 0.24941887481815878
1575417750376, -0.01526831030816446
1575417750376, 0.25823104982367795
1575417750376, -0.5711131049741024
1575417750376, 0.6267681503078774
1575417750376, -0.8785510608928508
1575417750376, 0.43945371781559095
1575417750376, -0.3121096485248042
1575417750376, 0.520356533177618
1575417750376, -0.5856100060552176
1575417750376, 0.5262645260782834
1575417750376, -0.30250607603041707
1575417750376, 0.16395480783815553
1575417750376, 0.10236794103355076
1575417750376, 0.4786507374784363
1575417750376, -0.6054146758242291
1575417750376, 0.2078662769130214
1575417750376, 0.013868264303909465
1575417750376, -0.05405010510878415
1575417800376, -0.9239173213884115
1575417800376, 0.3476709670432445
1575417800376, -0.37469385139781675
1575417800376, 0.5926388758746806
1575417800376, -0.7582401041216633
1575417800376, 0.8017816209479263
1575417800376, -1.0505803123179078
1575417800376, 0.7311077748587611
1575417800376, -0.691889389738551
1575417800376, 0.8198017994875553
1575417800376, -0.8345210025803848
1575417800376, 0.7098476883079955
1575417800376, -0.547417078623681
1575417800376, 0.3634238489776365
1575417800376, -0.03896547885880987
1575417800376, 0.5854379470784854
1575417800376, -0.6182266407271974
1575417800376, 0.28937370934054885
1575417800376, -0.09278918640397772
1575417800376, -0.006448735197393779
1575417850376, -0.7989450909272316
1575417850376, 0.19403483545943684
1575417850376, -0.26612054872926033
1575417850376, 0.5047473412916982
1575417850376, -0.6288589810720225
1575417850376, 0.582357478256777
1575417850376, -0.8218329910227962
1575417850376, 0.5074394992652109
1575417850376, -0.4831227317551212
1575417850376, 0.5643881566136386
1575417850376, -0.5435731834742196
1575417850376, 0.42267411308736474
1575417850376, -0.3107861096649618
1575417850376, 0.16509996451716175
1575417850376, 0.17736282975618056
1575417850376, 0.47009176184405765
1575417850376, -0.5026163150815933
1575417850376, 0.14450111483817604
1575417850376, 0.04854592228400735
1575417850376, -0.08311797907799198
1575417900376, -0.8299981501703059
1575417900376, 0.2111775220131745
1575417900376, -0.3448795883071631
1575417900376, 0.5249759815848764
1575417900376, -0.703138458723698
1575417900376, 0.6305482179498302
1575417900376, -0.9232120761796394
1575417900376, 0.6563713382982997
1575417900376, -0.5913304020002496
1575417900376, 0.6944862286648922
1575417900376, -0.6605027494462433
1575417900376, 0.5653826398312751
1575417900376, -0.4066279245731764
1575417900376, 0.30935870186544
1575417900376, 0.07801508548034311
1575417900376, 0.531365518577203
1575417900376, -0.6232357806452735
1575417900376, 0.25135315940738867
1575417900376, -0.06719388490272457
1575417900376, -0.10476117596999875
1575417950376, -0.6824749338855666
1575417950376, 0.10274212696907273
1575417950376, -0.3354190192334269
1575417950376, 0.3675808851254026
1575417950376, -0.5555091443718688
1575417950376, 0.4707831011734746
1575417950376, -0.807921644189429
1575417950376, 0.4504453011316436
1575417950376, -0.26891699980331396
1575417950376, 0.590568624413598
1575417950376, -0.5583847330455818
1575417950376, 0.3884589210601397
1575417950376, -0.26884489267412176
1575417950376, 0.25534538696352505
1575417950376, 0.03227432189985027
1575417950376, 0.42986326424896376
1575417950376, -0.515801220551852
1575417950376, 0.24258127371592164
1575417950376, -0.048420914669875414
1575417950376, -0.09632881702875538
1575418000376, -0.3074298507599581
1575418000376, 0.2468514098935848
1575418000376, -0.5064412041431157
1575418000376, 0.019578793931037286
1575418000376, -0.3319294818364638
1575418000376, 0.25795478543258954
1575418000376, -0.529095319156622
1575418000376, 0.10074569228117973
1575418000376, -0.28220974835617235
1575418000376, 0.4237889564326629
1575418000376, -0.12200716279582355
1575418000376, 0.1347115893631982
1575418000376, -0.18471928059218454
1575418000376, 0.18332507792800706
1575418000376, 0.16831117831350906
1575418000376, 0.41631576491534156
1575418000376, -0.16046244861217554
1575418000376, 0.10241507430219748
1575418000376, -0.16339914392864127
1575418000376, -0.11682075860491924
1575418050376, 0.15288127616444397
1575418050376, 0.553775320456395
1575418050376, -0.34298928118290833
1575418050376, -0.1968563226753942
1575418050376, -0.4537417105372321
1575418050376, -0.04356133380135715
1575418050376, -0.2618519500072642
1575418050376, -0.17105249419663898
1575418050376, -0.30137108235090526
1575418050376, -0.058299773852500625
1575418050376, -0.09956096348642864
1575418050376, 0.03657704768776508
1575418050376, 0.004514281300772978
1575418050376, 0.0128785369599946
1575418050376, 0.3671599217501686
1575418050376, 0.32967557429467625
1575418050376, 0.2615736071319785
1575418050376, 0.08147198131134523
1575418050376, -0.0482365992829175
1575418050376, -0.2207025541666565
1575418100376, 0.8914219437532664
1575418100376, 1.234993661589489
1575418100376, 0.4562994005912565
1575418100376, -0.0020709715643778964
1575418100376, -0.5582163876318246
1575418100376, -0.5114609619731084
1575418100376, -0.5085319837558093
1575418100376, -0.4577326504347406
1575418100376, -0.6064888494388415
1575418100376, -0.624038151211511
1575418100376, -0.7256959367351427
1575418100376, -0.4557479897551802
1575418100376, -0.27041640144468876
1575418100376, -0.10390148052933375
1575418100376, 0.24869153865931515
1575418100376, 0.4877077794454888
1575418100376, 0.5914397529278007
1575418100376, 0.641306710129995
1575418100376, 0.4150549375146077
1575418100376, 0.2065989718234157
1575418150376, 1.2455983658861132
1575418150376, 1.6977358339559956
1575418150376, 1.1310870308179706
1575418150376, 0.4353346062657756
1575418150376, -0.28972813741503006
1575418150376, -0.4867543763455161
1575418150376, -0.48577860503099
1575418150376, -0.4338717771491571
1575418150376, -0.6096959148819059
1575418150376, -0.726736273706027
1575418150376, -0.9952729514597475
1575418150376, -0.8145107217400561
1575418150376, -0.6033164006789713
1575418150376, -0.3377326137744683
1575418150376, 0.07141618987066567
1575418150376, 0.39615174360420324
1575418150376, 0.5346576940578619
1575418150376, 0.6513519223291355
1575418150376, 0.4371232762295174
1575418150376, 0.2551017680239078
1575418200376, 1.559476388610967
1575418200376, 2.131231749977819
1575418200376, 1.809073961004234
1575418200376, 1.0746215319134573
1575418200376, 0.2728720702524969
1575418200376, 0.03087311511198243
1575418200376, 0.0033029007575054448
1575418200376, 0.07659416004172667
1575418200376, -0.16712036896933485
1575418200376, -0.46821140861511545
1575418200376, -0.8570368438494749
1575418200376, -0.8684131580544578
1575418200376, -0.7644982108522035
1575418200376, -0.6094165310523367
1575418200376, -0.36562280214249204
1575418200376, -0.12438608459841731
1575418200376, 0.021712524364239566
1575418200376, 0.189695141435704
1575418200376, 0.191650114454092
1575418200376, 0.10974551460952879
1575418250376, 1.9408261757471559
1575418250376, 2.8163267315254905
1575418250376, 2.796644799083999
1575418250376, 2.047055663734211
1575418250376, 1.0076002907098516
1575418250376, 0.46485462616436785
1575418250376, 0.29280449591387175
1575418250376, 0.3797763442773852
1575418250376, 0.25183959321757604
1575418250376, -0.1260553839177762
1575418250376, -0.6141563523540934
1575418250376, -0.8578265199157293
1575418250376, -0.8658866077855775
1575418250376, -0.7607113958955767
1575418250376, -0.5582900865413264
1575418250376, -0.3586864331666581
1575418250376, -0.21567598008490577
1575418250376, -0.07664672317258642
1575418250376, 0.00284816821412584
1575418250376, 0.03380946496910069
1575418300376, 2.1818837698528286
1575418300376, 3.3498261034273407
1575418300376, 3.644457926364338
1575418300376, 2.987717779563496
1575418300376, 1.8321904345733229
1575418300376, 1.0371809460816228
1575418300376, 0.7927029252937577
1575418300376, 0.9593474972500822
1575418300376, 1.0162920473260015
1575418300376, 0.6454767695607162
1575418300376, -0.09774419880168722
1575418300376, -0.6641129681896936
1575418300376, -0.819474116924976
1575418300376, -0.7166116874545141
1575418300376, -0.46683987837259733
1575418300376, -0.344969392227008
1575418300376, -0.3667434698938059
1575418300376, -0.3001554754244621
1575418300376, -0.21277729842520873
1575418300376, -0.055577364506336
1575418350376, 2.1865390360490227
1575418350376, 3.3394523209478373
1575418350376, 3.72054440898821
1575418350376, 3.22600948575658
1575418350376, 2.2622730311977755
1575418350376, 1.5065984435538424
1575418350376, 1.231853262971537
1575418350376, 1.3357837942367454
1575418350376, 1.444666529575223
1575418350376, 1.321979393754808
1575418350376, 0.8247871921776112
1575418350376, 0.40616461052153996
1575418350376, 0.195960997399199
1575418350376, -0.013606123336499056
1575418350376, -0.15513788261256667
1575418350376, -0.3044874090024974
1575418350376, -0.44647468628161746
1575418350376, -0.34500618215781254
1575418350376, -0.21453762559738943
1575418350376, -0.030347620955148417
1575418400376, 2.142562426884929
1575418400376, 3.192522178458423
1575418400376, 3.532085947875602
1575418400376, 3.1606400366588794
1575418400376, 2.471680334842752
1575418400376, 1.9151981533261382
1575418400376, 1.6601990601581305
1575418400376, 1.6018510214531194
1575418400376, 1.5070107856143022
1575418400376, 1.3657762628810215
1575418400376, 1.0276810626661592
1575418400376, 0.8187552220975064
1575418400376, 0.7299596948162226
1575418400376, 0.46275181867348625
1575418400376, 0.18116568893517918
1575418400376, 0.008830746927330102
1575418400376, -0.10248426111379164
1575418400376, -0.002920152344134397
1575418400376, 0.014969498357883373
1575418400376, 0.05558743599052464
1575418450376, 2.1843112303755525
1575418450376, 3.243013590215887
1575418450376, 3.5332271018666046
1575418450376, 3.1395993440546794
1575418450376, 2.6017102749452734
1575418450376, 2.309610186012995
1575418450376, 2.245748637039182
1575418450376, 2.2013321233601073
1575418450376, 1.9193235156457806
1575418450376, 1.590667722333716
1575418450376, 1.1698953481098273
1575418450376, 0.9341636167116536
1575418450376, 0.8327389564877262
1575418450376, 0.5990521670080791
1575418450376, 0.3700635870904491
1575418450376, 0.32386249119320654
1575418450376, 0.36882703461492977
1575418450376, 0.4617185239976773
1575418450376, 0.3632476811468193
1575418450376, 0.16891617304412637
1575418500376, 2.3303838190044326
1575418500376, 3.633428514524665
1575418500376, 4.162173263064594
1575418500376, 3.8832144606593753
1575418500376, 3.366098327960977
1575418500376, 3.1306069873251916
1575418500376, 3.2827637227958526
1575418500376, 3.586614017518321
1575418500376, 3.5871363634138196
1575418500376, 3.258082386278417
1575418500376, 2.596428797699112
1575418500376, 2.033089212764161
1575418500376, 1.6871191710970463
1575418500376, 1.426649746320119
1575418500376, 1.1720826987058643
1575418500376, 0.9297222165837169
1575418500376, 0.6748510277035085
1575418500376, 0.47429290570286836
1575418500376, 0.2960609223088185
1575418500376, 0.10449197367148116
1575418550376, 2.3774805315641965
1575418550376, 3.765675239261971
1575418550376, 4.364020794578936
1575418550376, 3.983018540726998
1575418550376, 3.2655171592638985
1575418550376, 2.8106492753605927
1575418550376, 2.910978053452758
1575418550376, 3.309370333887097
1575418550376, 3.4331087885646885
1575418550376, 3.0438357511758998
1575418550376, 2.1928846712519823
1575418550376, 1.417659820978311
1575418550376, 0.982193026561815
1575418550376, 0.8544444469483272
1575418550376, 0.872174899584443
1575418550376, 0.8235176368517185
1575418550376, 0.5901603666930053
1575418550376, 0.3715949742771461
1575418550376, 0.15701912382991318
1575418550376, 0.05201487450827058
1575418600376, 2.2611901467297133
1575418600376, 3.5185161910824356
1575418600376, 3.9196221207416055
1575418600376, 3.397606893695007
1575418600376, 2.5476540757983748
1575418600376, 1.931160086525294
1575418600376, 1.8727201038185384
1575418600376, 2.0554881514644907
1575418600376, 1.9423677568196056
1575418600376, 1.3613179048681632
1575418600376, 0.4636423556372121
1575418600376, -0.22954787107716546
1575418600376, -0.47171353240414376
1575418600376, -0.34808737758670294
1575418600376, -0.0469818658513827
1575418600376, 0.20527280276872784
1575418600376, 0.20315050204680182
1575418600376, 0.17884408053355536
1575418600376, 0.08242376087492151
1575418600376, 0.05767115786270982
1575418650376, 2.066114190721149
1575418650376, 3.062031291757722
1575418650376, 3.208740892011738
1575418650376, 2.7368271360473386
1575418650376, 2.106386278184781
1575418650376, 1.7489298148191552
1575418650376, 1.7845835373846117
1575418650376, 1.851740183967129
1575418650376, 1.539415867927938
1575418650376, 0.9168511061991371
1575418650376, 0.12892118779601036
1575418650376, -0.38740039982438756
1575418650376, -0.6082769183960233
1575418650376, -0.6156303547302218
1575418650376, -0.5098670126919256
1575418650376, -0.31620137250438024
1575418650376, -0.19426614001697012
1575418650376, -0.004539657322621404
1575418650376, 0.0591311887136344
1575418650376, 0.09206631952000993
1575418700376, 1.864500678450993
1575418700376, 2.628915221073385
1575418700376, 2.681369623591583
1575418700376, 2.377406590454848
1575418700376, 2.111950259749701
1575418700376, 2.020783256256482
1575418700376, 2.0782968252521195
1575418700376, 1.940934738284527
1575418700376, 1.449189577315425
1575418700376, 0.8336473559993252
1575418700376, 0.28880904907324123
1575418700376, -0.02944012526448031
1575418700376, -0.26901282805272286
1575418700376, -0.4627982892805131
1575418700376, -0.5382912626778309
1575418700376, -0.37815309583526263
1575418700376, -0.20465966108622585
1575418700376, 0.08140943632765196
1575418700376, 0.13695497496275122
1575418700376, 0.14030542214338285
1575418750376, 1.6071600906023882
1575418750376, 2.3491489271786574
1575418750376, 2.4767084517697717
1575418750376, 2.376649844032001
1575418750376, 2.372047301306118
1575418750376, 2.3996719845445584
1575418750376, 2.467860321754837
1575418750376, 2.2345984202078952
1575418750376, 1.6556634841513775
1575418750376, 0.9704764044838309
1575418750376, 0.45724838257538436
1575418750376, 0.16863898257944834
1575418750376, -0.1251582392174862
1575418750376, -0.41689640658257
1575418750376, -0.5733061102728411
1575418750376, -0.5545341592140677
1575418750376, -0.4930780799609089
1575418750376, -0.1477462523246186
1575418750376, -0.05832534764582578
1575418750376, 0.10048278941299194
1575418800376, 1.3148227428679493
1575418800376, 1.976338330762946
1575418800376, 1.9286865459566325
1575418800376, 1.8295393675264215
1575418800376, 1.830578645773194
1575418800376, 1.8605098633016939
1575418800376, 1.8788900746276849
1575418800376, 1.6206254354507064
1575418800376, 0.9941474764233952
1575418800376, 0.45866393765049995
1575418800376, -0.03870194832872971
1575418800376, -0.1461208931613008
1575418800376, -0.39360456931040455
1575418800376, -0.6355445241759881
1575418800376, -0.6644022635043776
1575418800376, -0.7185243316337901
1575418800376, -0.5862734057859486
1575418800376, -0.21378883996538545
1575418800376, -0.13045467257775395
1575418800376, 0.10955062072834833
1575418850376, 1.0203416592723809
1575418850376, 1.4344709247585152
1575418850376, 1.10842289477947
1575418850376, 0.9813012414571359
1575418850376, 0.970535092220678
1575418850376, 1.1083029927829748
1575418850376, 1.0510875778446764
1575418850376, 0.7831611551141063
1575418850376, 0.22043281502669487
1575418850376, 0.006178749867250309
1575418850376, -0.2487553134614052
1575418850376, -0.11018139251243478
1575418850376, -0.2852822248273367
1575418850376, -0.4902566725995313
1575418850376, -0.4139773270456938
1575418850376, -0.40824936020843194
1575418850376, -0.22597436074852514
1575418850376, 0.05741212166791912
1575418850376, 0.0360356113403979
1575418850376, 0.158811946016572
1575418900376, 0.7447426412851031
1575418900376, 0.8118367641079917
1575418900376, 0.41518748801119054
1575418900376, 0.40013953365215954
1575418900376, 0.5420494187639525
1575418900376, 0.740742201450526
1575418900376, 0.615119313366208
1575418900376, 0.2692051695634099
1575418900376, -0.01870919091535739
1575418900376, 0.03448726410666771
1575418900376, -0.025327074547223223
1575418900376, 0.04366998462011745
1575418900376, -0.11395525811778966
1575418900376, -0.38381627844163396
1575418900376, -0.19583904621307363
1575418900376, -0.08353527555447399
1575418900376, -0.02906316681716712
1575418900376, 0.11824909454721552
1575418900376, 0.03396618312114713
1575418900376, 0.103152145358472
1575418950376, 0.3259002608213995
1575418950376, 0.2596008918625626
1575418950376, -0.025601101544550812
1575418950376, 0.29141711393546715
1575418950376, 0.4349149143078009
1575418950376, 0.49131613606081603
1575418950376, 0.3637157587388045
1575418950376, 0.012444559421926137
1575418950376, 0.038251751115271286
1575418950376, 0.12402458098829414
1575418950376, -0.022952111940638224
1575418950376, -0.06594859387124483
1575418950376, -0.10002212359353861
1575418950376, -0.3442743417659403
1575418950376, -0.07797804496834528
1575418950376, 0.1253244608358484
1575418950376, -0.04927726581183898
1575418950376, -0.10205461680556983
1575418950376, -0.15235885747018277
1575418950376, 0.0014023237094496332
1575419000376, -0.2735756400790786
1575419000376, 0.3016024563567556
1575419000376, -0.06790402064938433
1575419000376, 0.31231249158427404
1575419000376, 0.19496088117291685
1575419000376, 0.36690407838148464
1575419000376, 0.456174515082125
1575419000376, -0.20463399666404947
1575419000376, 0.12719121140743458
1575419000376, 0.03626100209574917
1575419000376, -0.0978044893349595
1575419000376, 0.09568771039703904
1575419000376, -0.0849690739062863
1575419000376, -0.1393818015591709
1575419000376, -0.07794697141256098
1575419000376, 0.057518700489987834
1575419000376, -0.12095400642994962
1575419000376, -0.12474851065345959
1575419000376, -0.013967650244035072
1575419000376, -0.10477033795885012
1575419050376, -0.4702929587029866
1575419050376, 0.7384278864332704
1575419050376, 0.04409909765244853
1575419050376, 0.11518298377482994
1575419050376, 0.24538560363531897
1575419050376, 0.573674017630881
1575419050376, 0.1586950416539703
1575419050376, 0.23165471357111864
1575419050376, 0.18338251995050864
1575419050376, 0.06928063664857007
1575419050376, -0.08902028875471008
1575419050376, 0.25058958908104023
1575419050376, -0.13595783532939784
1575419050376, -0.0627089769327788
1575419050376, 0.13829672295379905
1575419050376, -0.07209843295468996
1575419050376, -0.11387177874332474
1575419050376, 0.1092955877120465
1575419050376, -0.19502697027216612
1575419050376, -0.022152837973154035
1575419100376, -0.35341615300277895
1575419100376, 0.9620447139133361
1575419100376, 0.13419513250212414
1575419100376, 0.25953615943648256
1575419100376, 0.3495295339553142
1575419100376, 0.6902583245702082
1575419100376, 0.18239116813990733
1575419100376, 0.6195915789076142
1575419100376, 0.18193008845224967
1575419100376, 0.3146821908487555
1575419100376, 0.05106965903154872
1575419100376, 0.26781520564142974
1575419100376, 0.031761156759996176
1575419100376, 0.0029438185151020313
1575419100376, 0.17226306240210743
1575419100376, 0.0386749012910612
1575419100376, -0.071316499906766
1575419100376, 0.11949872237792336
1575419100376, -0.11942540579923552
1575419100376, -0.047209435087218074
1575419150376, -0.18800314281168293
1575419150376, 1.034488134111246
1575419150376, 0.31447806064471473
1575419150376, 0.36740221466279327
1575419150376, 0.44363319435517773
1575419150376, 0.812321202506442
1575419150376, 0.3081682226680631
1575419150376, 0.8033966655946818
1575419150376, 0.341625607930565
1575419150376, 0.40724563608935627
1575419150376, 0.2188531103027608
1575419150376, 0.27207023725895163
1575419150376, 0.15458001493955756
1575419150376, 0.07382505012123651
1575419150376, 0.20608084467883558
1575419150376, 0.11274596059627187
1575419150376, 0.004580716072841367
1575419150376, 0.08038986341922533
1575419150376, -0.033676155595624695
1575419150376, -0.08248826037523094
1575419200376, 0.3279278805181959
1575419200376, 0.8191205384365796
1575419200376, 0.5526467209304706
1575419200376, 0.5271710354878664
1575419200376, 0.3123130959407232
1575419200376, 0.7304917808593834
1575419200376, 0.4961902979427786
1575419200376, 0.5885799869732514
1575419200376, 0.14975486176595806
1575419200376, 0.2750243933932545
1575419200376, 0.02043777930440524
1575419200376, -0.04475659537228828
1575419200376, 0.07329980382224169
1575419200376, -0.03331236749617731
1575419200376, -0.007900982342750794
1575419200376, 0.06657779030092255
1575419200376, -0.08475794098712272
1575419200376, -0.046838911418687526
1575419200376, -0.050111704679517546
1575419200376, -0.08738232027196643
